"","X","clusters","birth_2008","death_2008","intra_2008","in_2008","out_2008","n_2008","birth_2009","death_2009","intra_2009","in_2009","out_2009","n_2009","birth_2010","death_2010","intra_2010","in_2010","out_2010","n_2010","birth_2011","death_2011","intra_2011","in_2011","out_2011","n_2011","birth_2012","death_2012","intra_2012","in_2012","out_2012","n_2012","birth_2013","death_2013","intra_2013","in_2013","out_2013","n_2013","birth_2014","death_2014","intra_2014","in_2014","out_2014","n_2014","birth_2015","death_2015","intra_2015","in_2015","out_2015","n_2015","birth_2016","death_2016","intra_2016","in_2016","out_2016","n_2016"
"1",1,1,1962,2131,7955,735,187,10652,3177,2333,7849,501,170,11527,7982,7634,3552,368,109,11902,8052,7839,3730,509,105,12291,2144,2064,9637,529,208,12310,2180,1993,9798,591,179,12569,2851,2291,9813,727,143,13391,2598,1852,11008,925,179,14531,3222,2598,11352,932,201,15506
"2",2,10,10,NA,33,NA,NA,47,19,10,33,NA,NA,53,23,22,28,NA,NA,56,27,26,27,NA,NA,57,18,NA,43,NA,NA,62,NA,12,49,NA,NA,59,19,NA,52,NA,NA,76,15,NA,63,NA,NA,82,23,NA,65,NA,NA,92
"3",3,100,16,15,66,NA,NA,86,13,15,69,NA,NA,84,44,39,40,NA,NA,84,41,37,43,NA,NA,86,10,NA,75,NA,NA,88,18,NA,76,NA,NA,96,19,13,82,NA,NA,105,25,18,85,NA,NA,113,18,NA,104,NA,NA,125
"4",4,101,33,29,116,NA,NA,157,26,24,122,11,NA,159,103,103,50,NA,NA,160,117,106,49,13,NA,179,56,18,153,20,NA,229,45,39,176,21,NA,242,47,40,179,10,NA,236,69,39,182,15,NA,266,54,43,202,18,NA,274
"5",5,102,41,28,167,19,NA,227,43,42,166,15,NA,224,96,96,121,13,NA,230,77,86,128,NA,NA,211,28,23,176,22,NA,226,29,26,183,14,NA,226,34,34,175,13,NA,222,38,34,167,13,NA,218,39,37,160,11,NA,210
"6",6,103,48,47,155,16,NA,219,25,35,169,12,NA,206,71,79,113,12,NA,196,72,63,118,16,NA,206,38,16,173,16,NA,227,51,39,172,NA,NA,231,41,28,184,NA,NA,234,48,29,191,13,NA,252,40,29,212,NA,NA,256
"7",7,104,70,77,374,34,NA,478,64,66,387,32,NA,483,196,217,240,26,12,462,209,199,242,16,NA,467,81,57,384,17,NA,482,67,77,382,24,NA,473,86,73,366,23,NA,475,82,63,374,22,NA,478,76,64,384,26,NA,486
"8",8,105,23,25,115,NA,NA,145,27,19,121,NA,NA,154,79,62,84,NA,NA,169,70,74,82,NA,NA,157,41,11,135,NA,NA,185,41,33,133,11,NA,185,49,24,146,NA,NA,201,42,22,164,NA,NA,213,48,26,170,13,NA,231
"9",9,106,52,47,207,16,NA,275,58,46,201,15,10,274,105,120,133,20,NA,258,103,105,132,23,NA,258,58,39,200,17,NA,275,48,43,219,20,NA,287,56,43,230,22,NA,308,62,49,229,12,NA,303,45,56,227,16,NA,288
"10",10,107,34,23,120,NA,NA,163,33,29,125,10,NA,168,57,64,92,NA,NA,157,67,62,80,NA,NA,156,27,15,124,NA,NA,156,30,27,117,10,NA,157,36,24,119,NA,NA,164,46,31,119,NA,NA,174,36,23,138,10,NA,184
"11",11,108,69,520,312,37,NA,418,82,67,328,36,NA,446,224,266,150,29,14,403,219,228,159,27,NA,405,95,60,315,24,11,434,108,74,339,32,10,479,139,79,343,22,31,504,68,87,345,42,54,455,78,75,346,35,14,459
"12",12,109,23,21,120,11,NA,154,33,22,120,NA,NA,159,93,94,56,NA,NA,155,89,100,50,NA,NA,147,34,20,117,NA,NA,157,21,15,134,NA,NA,163,32,23,132,NA,NA,172,29,20,140,NA,NA,176,35,26,136,16,NA,187
"13",13,11,28,22,77,NA,NA,112,28,13,91,NA,NA,124,64,59,62,NA,NA,130,58,58,68,NA,NA,129,26,13,110,NA,NA,138,26,18,115,NA,NA,147,29,20,120,NA,NA,158,39,26,123,NA,NA,168,22,16,148,NA,NA,173
"14",14,110,36,27,147,NA,NA,191,36,33,145,NA,NA,187,59,72,107,13,NA,179,61,63,104,NA,NA,173,39,20,142,NA,NA,190,44,28,145,11,NA,200,52,33,150,14,NA,216,30,32,172,NA,NA,209,49,36,158,10,NA,217
"15",15,111,26,24,62,NA,NA,93,16,21,69,NA,NA,89,24,26,54,NA,NA,84,31,22,55,NA,NA,94,25,18,71,NA,NA,102,16,21,76,NA,NA,101,33,12,79,NA,NA,118,38,17,93,NA,NA,137,32,18,108,NA,NA,146
"16",16,112,27,25,106,NA,NA,141,19,14,114,11,NA,144,64,54,82,NA,NA,150,49,59,84,NA,NA,141,30,16,117,NA,NA,152,33,20,122,NA,NA,160,32,25,127,NA,NA,165,37,27,125,10,NA,172,34,17,140,NA,NA,179
"17",17,113,27,20,113,12,NA,152,31,22,115,NA,NA,152,53,49,87,NA,NA,141,44,54,80,NA,NA,133,42,13,114,NA,NA,165,33,22,133,NA,NA,175,41,32,134,NA,NA,183,36,28,142,NA,NA,182,30,33,136,NA,NA,172
"18",18,114,28,12,90,NA,NA,120,22,16,94,NA,NA,124,38,31,90,NA,NA,135,31,38,90,NA,NA,126,19,NA,108,NA,NA,133,17,22,100,NA,NA,121,35,19,96,12,NA,143,33,26,111,16,NA,160,36,25,128,NA,NA,172
"19",19,115,34,30,168,25,NA,227,36,28,183,22,NA,241,103,107,117,14,NA,234,111,106,110,13,NA,234,44,28,186,18,NA,248,37,35,199,24,NA,260,42,36,205,31,NA,278,52,28,232,36,NA,320,63,42,246,23,13,332
"20",20,116,36,30,115,10,NA,161,29,22,124,14,NA,167,76,70,94,13,NA,183,81,76,95,19,NA,195,39,23,153,11,NA,203,35,27,159,NA,NA,200,56,35,151,19,NA,226,39,29,182,15,NA,236,49,34,183,11,NA,243
"21",21,117,25,18,106,13,NA,144,32,11,124,NA,NA,162,56,48,105,10,NA,171,43,51,114,NA,NA,165,41,21,131,NA,NA,178,31,25,143,12,NA,186,39,33,144,NA,NA,191,36,32,141,NA,NA,184,47,22,153,NA,NA,206
"22",22,118,123,116,658,36,18,817,122,142,619,41,17,782,404,401,341,38,NA,783,399,393,359,36,NA,794,147,92,654,41,18,842,134,109,680,36,15,850,170,137,668,36,17,874,150,157,681,41,10,872,193,130,685,63,23,941
"23",23,119,19,NA,53,NA,NA,81,20,13,61,NA,NA,87,33,31,47,NA,NA,85,31,25,55,NA,NA,86,30,12,66,NA,NA,104,21,11,82,NA,NA,109,17,20,83,10,NA,110,19,14,89,NA,NA,115,24,14,91,NA,NA,116
"24",24,12,34,40,232,10,NA,276,36,32,236,13,NA,285,102,111,165,NA,NA,272,111,107,154,NA,NA,272,45,29,236,13,NA,294,96,58,230,13,NA,339,54,40,295,NA,NA,356,48,33,312,11,NA,371,48,64,299,12,NA,359
"25",25,120,79,76,447,30,11,556,80,80,450,26,NA,556,252,267,260,16,NA,528,282,260,238,22,NA,542,77,56,453,23,NA,553,92,68,455,23,NA,570,125,92,450,22,NA,597,106,82,490,37,NA,633,144,81,526,44,NA,714
"26",26,121,231,301,1323,85,46,1639,248,255,1275,65,33,1588,797,862,640,65,31,1502,818,806,640,46,17,1504,245,174,1244,70,26,1559,205,204,1292,65,28,1562,284,244,1248,56,23,1588,258,204,1312,62,35,1632,253,196,1363,71,28,1687
"27",27,122,114,92,601,29,14,744,119,84,623,39,NA,781,455,433,322,26,NA,803,418,442,311,31,20,760,135,96,618,25,12,778,154,107,632,30,14,816,175,129,650,35,13,860,160,99,712,42,17,914,150,126,738,46,11,934
"28",28,123,125,103,600,45,15,770,91,117,609,32,NA,732,402,367,337,28,12,767,374,390,336,29,13,739,122,70,620,38,12,780,133,110,630,26,16,789,165,116,625,29,14,819,132,121,667,28,14,827,133,101,682,27,11,842
"29",29,124,23,21,118,NA,NA,150,22,18,123,NA,NA,154,78,74,74,NA,NA,161,69,78,75,10,NA,154,32,20,128,NA,NA,164,37,18,137,NA,NA,181,41,26,145,NA,NA,191,46,21,157,11,NA,214,35,34,168,NA,NA,211
"30",30,125,38,41,254,18,11,310,35,40,257,21,NA,313,148,173,124,12,NA,284,148,143,125,13,NA,286,31,25,247,12,NA,290,42,36,238,16,NA,296,49,35,248,18,NA,315,52,48,252,15,NA,319,50,30,274,15,NA,339
"31",31,126,84,68,298,24,10,406,67,56,319,15,10,401,202,217,156,12,10,370,202,196,152,18,NA,372,99,58,295,17,NA,411,64,80,313,19,NA,396,95,67,302,21,NA,418,101,72,311,16,13,428,97,72,325,17,NA,439
"32",32,127,19,20,63,NA,NA,86,11,14,64,NA,NA,80,37,31,45,NA,NA,90,37,32,49,NA,NA,92,34,13,70,NA,NA,113,27,23,80,14,NA,121,30,26,82,NA,NA,116,28,18,86,NA,NA,121,25,23,88,NA,NA,121
"33",33,128,138,148,794,55,15,987,135,124,830,29,10,994,635,626,346,24,NA,1005,650,631,342,37,10,1029,153,111,871,40,21,1064,197,141,872,56,25,1125,201,189,873,42,21,1116,193,135,933,49,17,1175,188,189,933,38,16,1159
"34",34,129,56,50,234,21,13,311,33,34,252,11,NA,296,157,156,126,16,NA,299,166,162,118,12,NA,296,53,35,246,21,NA,320,51,47,250,19,12,320,66,68,233,10,10,309,55,40,245,15,NA,315,63,61,234,25,10,322
"35",35,13,40,55,196,NA,NA,245,46,30,199,16,NA,261,121,142,113,15,NA,249,133,123,117,NA,NA,259,43,32,217,14,NA,274,43,40,218,19,NA,280,60,33,236,NA,NA,303,57,43,245,11,NA,313,48,40,257,16,NA,321
"36",36,130,31,29,130,12,NA,173,46,32,127,NA,NA,181,74,97,76,NA,NA,158,71,73,72,NA,NA,147,31,19,118,NA,NA,151,23,26,116,NA,NA,146,31,29,107,NA,NA,143,28,25,110,NA,NA,144,39,19,113,NA,NA,158
"37",37,131,83,105,502,30,14,615,96,70,508,18,19,622,321,322,271,18,NA,610,328,325,254,27,NA,609,91,62,509,19,15,619,97,88,503,23,16,623,108,89,500,33,15,641,101,82,529,21,13,651,123,89,520,27,19,670
"38",38,132,38,36,277,26,NA,341,57,47,275,NA,NA,337,178,195,128,12,NA,318,182,174,130,10,NA,322,44,45,258,NA,NA,308,45,39,248,13,NA,306,65,41,254,15,NA,334,41,50,279,16,NA,336,58,47,279,15,NA,352
"39",39,133,47,43,163,11,NA,221,44,38,172,15,NA,231,108,115,109,18,NA,235,101,117,106,NA,NA,214,37,36,160,11,NA,208,48,33,154,10,NA,212,52,39,160,15,NA,227,63,34,169,NA,10,238,53,40,188,11,NA,252
"40",40,134,38,39,228,10,NA,276,32,30,235,14,NA,281,157,159,112,11,NA,280,154,156,113,NA,NA,274,50,34,223,11,NA,284,40,46,224,15,NA,279,55,37,221,16,11,292,46,44,235,10,NA,291,61,33,245,10,NA,316
"41",41,135,57,35,201,22,NA,280,31,39,216,13,NA,260,105,108,133,12,NA,250,101,104,122,13,NA,236,53,31,193,NA,NA,255,50,32,211,21,NA,282,59,49,216,18,NA,293,42,47,220,13,NA,275,49,34,221,14,NA,284
"42",42,136,51,35,180,19,NA,250,39,38,185,15,10,239,94,87,136,10,NA,240,92,80,143,10,NA,245,56,26,196,13,NA,265,43,42,209,14,10,266,71,46,204,15,NA,290,60,55,219,16,NA,295,44,43,235,10,NA,289
"43",43,137,12,15,53,NA,NA,69,NA,10,56,NA,NA,66,27,25,40,NA,NA,72,23,26,43,NA,NA,69,13,NA,60,NA,NA,75,18,18,56,NA,NA,78,11,NA,68,NA,NA,82,11,15,62,NA,NA,77,17,NA,65,NA,NA,85
"44",44,138,40,43,197,13,NA,250,30,30,208,15,NA,253,122,121,119,NA,NA,248,122,128,105,11,NA,238,45,23,206,NA,NA,258,40,43,209,NA,NA,258,46,45,201,13,NA,260,37,34,209,NA,NA,254,45,43,194,14,NA,253
"45",45,139,87,38,146,20,NA,253,86,46,189,32,NA,307,101,115,160,23,NA,284,101,98,153,30,NA,284,63,40,205,20,NA,288,57,51,209,12,NA,278,75,34,218,21,NA,314,78,55,232,21,NA,331,70,54,256,18,NA,344
"46",46,14,13,13,64,NA,NA,80,19,16,62,NA,NA,83,41,45,38,NA,NA,82,39,44,33,NA,NA,72,16,NA,63,NA,NA,81,12,14,63,NA,NA,79,19,11,65,NA,NA,87,17,15,70,NA,NA,93,15,NA,81,NA,NA,98
"47",47,140,37,20,100,13,NA,150,28,28,107,NA,NA,141,45,49,82,NA,NA,134,41,43,86,NA,NA,134,25,14,106,NA,NA,139,25,19,112,NA,NA,142,24,24,107,NA,NA,136,31,27,105,NA,NA,143,44,23,110,NA,NA,162
"48",48,141,72,42,119,11,NA,202,44,34,144,NA,11,195,55,76,106,NA,NA,167,64,63,82,NA,NA,155,41,25,112,14,NA,167,47,38,111,NA,NA,167,55,24,128,10,NA,193,41,46,135,NA,NA,184,61,30,133,16,NA,210
"49",49,142,71,57,233,15,NA,319,53,46,255,13,NA,321,151,166,148,12,NA,311,153,152,151,15,NA,319,80,51,248,16,NA,344,53,53,279,17,NA,349,65,49,291,19,NA,375,72,51,303,19,NA,394,70,69,305,16,NA,391
"50",50,143,76,48,192,10,NA,278,61,56,190,23,NA,274,112,123,131,11,NA,254,111,114,120,17,NA,248,72,40,190,17,NA,279,61,47,215,17,NA,293,67,58,209,17,NA,293,86,47,231,17,NA,334,117,52,252,19,NA,388
"51",51,144,106,111,495,82,NA,683,115,86,550,57,11,722,453,443,239,35,NA,727,444,448,249,23,NA,716,93,102,526,24,32,643,84,125,485,35,NA,604,120,89,487,25,NA,632,108,86,510,37,11,655,112,104,507,35,18,654
"52",52,145,47,48,210,16,NA,273,43,42,213,11,NA,267,111,115,136,11,NA,258,108,106,140,10,NA,258,54,34,206,NA,NA,269,55,46,216,10,NA,281,59,41,230,NA,NA,297,48,52,234,10,NA,292,59,43,236,11,NA,306
"53",53,146,30,12,72,NA,NA,109,22,16,85,NA,NA,113,38,43,62,NA,NA,106,27,47,55,NA,NA,88,23,12,70,NA,NA,98,24,14,80,NA,NA,106,35,13,89,NA,NA,130,34,21,104,11,NA,149,33,20,125,NA,NA,161
"54",54,147,12,10,49,NA,NA,66,13,16,49,NA,NA,69,25,29,39,NA,NA,68,30,24,39,NA,NA,73,23,NA,63,NA,NA,89,21,15,72,NA,NA,97,15,17,75,NA,NA,91,18,10,75,NA,NA,99,31,16,80,NA,NA,115
"55",55,148,21,16,111,NA,NA,138,19,17,114,NA,NA,135,52,56,72,NA,NA,127,52,51,70,12,NA,134,19,17,111,NA,NA,136,20,16,116,NA,NA,145,28,16,122,NA,NA,156,26,17,132,NA,NA,166,18,24,134,NA,NA,158
"56",56,149,24,18,79,NA,NA,111,20,15,92,10,NA,122,39,40,76,NA,NA,122,49,34,81,NA,NA,137,27,23,104,NA,NA,137,21,18,110,NA,NA,134,29,14,112,NA,NA,148,41,26,111,NA,NA,157,41,23,123,NA,NA,170
"57",57,15,19,10,68,NA,NA,90,NA,12,76,NA,NA,88,41,46,41,NA,NA,85,41,40,44,NA,NA,87,11,16,70,NA,NA,83,12,10,72,NA,NA,85,12,14,68,NA,NA,81,17,10,66,NA,NA,87,21,NA,74,NA,NA,99
"58",58,150,17,NA,52,NA,NA,75,14,10,61,NA,NA,76,26,27,45,NA,NA,74,23,27,43,NA,NA,68,22,NA,52,NA,NA,81,17,11,63,NA,NA,82,19,15,62,NA,NA,86,15,16,70,NA,NA,91,22,17,69,NA,NA,93
"59",59,151,NA,10,44,NA,NA,51,13,10,40,NA,NA,56,22,22,28,NA,NA,54,25,24,27,NA,NA,55,14,11,42,NA,NA,59,15,NA,42,NA,NA,61,19,NA,51,NA,NA,74,23,23,48,NA,NA,77,25,10,65,NA,NA,98
"60",60,152,11,15,34,NA,NA,51,10,NA,39,NA,NA,50,15,22,27,NA,NA,43,18,11,27,NA,NA,47,13,NA,41,NA,NA,55,14,NA,44,NA,NA,60,18,10,48,NA,NA,70,28,14,52,NA,NA,82,39,15,63,NA,NA,111
"61",61,153,32,13,91,NA,NA,127,19,16,105,NA,NA,129,54,56,68,NA,NA,130,57,53,72,NA,NA,131,31,18,109,NA,NA,143,26,25,111,NA,NA,141,34,27,110,NA,NA,147,26,28,115,NA,NA,144,41,21,116,NA,NA,163
"62",62,154,19,15,65,NA,NA,92,23,13,72,NA,NA,98,32,40,55,NA,NA,90,27,33,54,NA,NA,89,22,NA,73,NA,NA,98,21,13,76,NA,NA,104,20,15,81,NA,NA,106,25,18,83,NA,NA,112,27,NA,99,NA,NA,132
"63",63,155,33,28,176,NA,NA,216,39,31,176,NA,NA,222,101,119,96,NA,NA,198,93,104,88,NA,NA,187,46,32,149,NA,NA,197,42,40,148,NA,NA,196,43,28,164,NA,NA,215,36,32,174,NA,NA,213,50,36,166,NA,NA,222
"64",64,156,25,11,55,NA,NA,86,12,18,64,NA,NA,80,23,24,55,NA,NA,82,18,19,54,NA,NA,76,20,17,55,NA,NA,79,19,10,67,NA,NA,90,28,16,66,NA,NA,97,15,16,73,NA,NA,96,17,10,77,NA,NA,101
"65",65,157,70,57,261,18,NA,349,71,51,275,22,NA,368,171,170,179,16,NA,366,173,169,170,17,NA,360,65,40,298,29,NA,392,74,61,309,36,NA,419,92,71,331,27,NA,450,72,63,351,24,NA,447,76,60,357,36,10,469
"66",66,158,19,14,58,NA,NA,83,16,14,68,NA,NA,87,36,45,40,NA,NA,79,37,34,42,NA,NA,84,17,14,69,NA,NA,95,12,14,78,NA,NA,96,17,17,75,NA,NA,96,22,22,66,NA,NA,94,19,15,74,NA,NA,101
"67",67,159,27,25,114,12,NA,153,19,16,134,NA,NA,155,88,91,61,NA,NA,153,88,87,63,NA,NA,153,21,18,130,NA,NA,154,26,22,129,NA,NA,158,26,14,140,NA,NA,166,22,22,141,NA,NA,167,35,21,145,NA,NA,185
"68",68,16,10,11,20,NA,NA,30,11,NA,21,NA,NA,32,20,16,14,NA,NA,34,13,16,16,NA,NA,29,16,NA,22,NA,NA,40,13,NA,30,NA,NA,46,12,11,31,NA,NA,43,15,NA,40,NA,NA,57,20,NA,42,NA,NA,66
"69",69,160,39,31,126,12,NA,177,31,34,134,NA,NA,170,91,86,77,NA,NA,175,81,85,75,NA,NA,163,26,22,129,NA,NA,163,33,24,129,12,NA,174,31,25,140,NA,NA,179,40,27,138,NA,NA,185,57,29,145,21,NA,223
"70",70,161,29,32,133,NA,NA,170,31,28,137,10,NA,178,76,70,96,NA,NA,179,74,80,88,10,NA,172,42,22,140,11,NA,193,30,21,154,10,NA,194,39,27,154,NA,NA,202,50,24,162,NA,NA,221,36,22,183,15,NA,234
"71",71,162,257,195,526,46,NA,829,220,208,563,29,15,812,328,346,426,36,NA,790,302,352,390,46,NA,738,201,126,553,49,13,803,156,155,602,73,NA,831,218,132,640,47,15,905,180,156,652,40,15,872,159,130,661,73,22,893
"72",72,163,66,58,312,31,NA,409,65,58,330,21,NA,416,260,249,144,18,NA,422,269,272,139,19,NA,427,70,42,363,28,NA,461,53,63,377,22,NA,452,82,69,359,10,NA,451,62,58,374,14,NA,450,73,53,368,24,NA,465
"73",73,164,24,25,105,NA,NA,135,16,17,113,NA,NA,135,78,73,60,NA,NA,144,80,70,68,NA,NA,151,41,15,130,10,NA,181,41,28,142,NA,NA,186,40,35,141,NA,NA,190,63,30,153,NA,NA,224,65,37,175,NA,NA,245
"74",74,165,14,11,77,NA,NA,94,26,19,71,NA,NA,97,41,38,52,NA,NA,97,52,37,53,NA,NA,108,41,18,82,NA,NA,129,35,22,97,NA,NA,137,41,30,102,NA,NA,147,33,30,109,NA,NA,146,43,18,117,NA,NA,166
"75",75,166,21,24,89,NA,NA,112,31,18,91,NA,NA,127,47,59,65,NA,NA,114,46,46,64,NA,NA,115,37,19,89,NA,NA,130,18,22,103,NA,NA,127,46,21,102,NA,NA,151,35,23,125,NA,NA,162,36,26,127,10,NA,173
"76",76,167,20,22,116,NA,NA,136,24,14,121,NA,NA,147,70,67,77,NA,NA,148,74,70,73,NA,NA,148,35,12,130,NA,NA,168,21,24,139,NA,NA,163,40,27,132,NA,NA,174,48,28,140,NA,NA,192,61,27,160,NA,NA,224
"77",77,168,18,NA,49,NA,NA,70,13,NA,59,NA,NA,72,23,26,40,NA,NA,66,26,20,42,NA,NA,70,18,10,56,NA,NA,75,26,12,58,NA,NA,87,38,25,59,NA,NA,103,30,20,74,NA,NA,105,30,16,81,NA,NA,114
"78",78,169,10,NA,18,NA,NA,28,NA,NA,21,NA,NA,27,13,11,10,NA,NA,26,17,10,13,NA,NA,34,23,11,18,NA,NA,44,11,11,26,NA,NA,40,24,11,23,NA,NA,47,20,NA,29,NA,NA,52,17,10,35,NA,NA,58
"79",79,17,64,60,264,36,NA,364,75,59,276,34,NA,385,174,195,170,17,NA,361,175,180,150,12,NA,337,53,33,293,16,NA,362,46,37,306,19,NA,371,47,52,305,15,NA,367,72,46,306,20,NA,398,70,36,345,17,NA,432
"80",80,170,NA,17,81,NA,NA,92,25,17,73,NA,NA,105,44,56,44,NA,NA,90,46,50,38,NA,NA,86,21,14,71,NA,NA,94,20,18,73,NA,NA,97,23,18,75,NA,NA,101,21,14,86,NA,NA,112,26,17,90,10,NA,126
"81",81,171,13,15,55,NA,NA,72,12,NA,61,NA,NA,75,27,23,51,NA,NA,80,29,32,47,NA,NA,81,16,11,69,NA,NA,86,11,12,71,NA,NA,88,26,11,75,NA,NA,106,23,NA,97,NA,NA,123,23,22,97,NA,NA,125
"82",82,172,16,17,86,NA,NA,107,26,23,83,NA,NA,113,72,66,44,NA,NA,120,82,68,44,NA,NA,130,35,20,99,NA,NA,142,34,18,108,NA,NA,150,51,30,110,10,NA,171,49,24,134,14,NA,197,50,34,139,NA,NA,197
"83",83,173,17,14,94,NA,NA,116,15,16,94,NA,NA,118,47,46,69,NA,NA,119,39,47,71,NA,NA,116,21,15,96,NA,NA,121,20,17,101,NA,NA,124,23,16,107,NA,NA,132,22,19,109,NA,NA,135,30,23,108,NA,NA,147
"84",84,174,16,22,64,NA,NA,84,19,10,69,NA,NA,92,45,38,50,NA,NA,101,50,36,60,NA,NA,114,24,20,89,NA,NA,116,18,21,91,NA,NA,117,31,25,85,15,NA,131,32,24,97,NA,NA,135,41,26,97,13,NA,151
"85",85,175,30,18,128,16,NA,174,24,17,146,NA,NA,178,65,69,99,NA,NA,173,58,69,99,11,NA,168,21,20,139,NA,NA,165,21,21,130,13,NA,164,26,21,134,NA,NA,165,30,23,134,NA,NA,169,30,21,144,NA,NA,179
"86",86,176,41,27,216,17,NA,274,38,40,226,12,NA,276,97,101,164,10,NA,271,93,96,161,18,NA,272,61,35,219,13,NA,293,39,38,241,14,NA,294,52,42,240,11,NA,303,73,40,249,14,NA,336,52,50,270,11,NA,333
"87",87,177,35,28,163,13,NA,211,29,29,167,NA,NA,202,65,68,126,15,NA,206,66,63,127,NA,NA,199,38,24,161,NA,NA,207,41,26,168,10,NA,219,59,29,178,16,NA,253,45,38,195,13,NA,253,33,32,202,14,NA,249
"88",88,178,28,32,158,10,NA,196,26,24,164,NA,NA,197,74,83,103,10,NA,187,76,79,99,11,NA,186,44,22,150,NA,NA,203,29,30,167,10,NA,206,31,28,169,11,NA,211,36,32,166,10,NA,212,56,25,175,NA,NA,240
"89",89,179,89,62,253,53,NA,395,80,52,321,47,NA,448,157,182,236,31,NA,424,159,165,227,36,NA,422,91,37,356,29,NA,476,90,60,379,33,NA,502,78,72,396,35,NA,509,93,70,396,55,NA,544,88,60,451,22,NA,561
"90",90,18,54,33,142,12,NA,208,50,45,141,NA,NA,200,65,67,117,NA,NA,191,69,56,115,13,NA,197,37,31,147,NA,NA,192,49,34,140,14,NA,203,43,33,156,13,NA,212,53,31,159,11,NA,223,57,33,172,NA,NA,238
"91",91,180,26,15,109,12,NA,147,28,17,123,NA,NA,156,66,69,82,NA,NA,155,59,64,84,NA,NA,146,34,21,112,NA,NA,154,24,18,125,NA,NA,153,25,27,115,10,NA,150,26,17,126,12,NA,164,24,15,137,NA,NA,168
"92",92,181,53,43,243,18,NA,314,45,44,243,16,NA,304,141,124,171,17,NA,329,131,132,178,16,NA,325,51,38,269,NA,NA,329,53,34,279,11,NA,343,54,52,270,15,NA,339,52,41,285,19,NA,356,52,43,293,17,NA,362
"93",93,182,21,18,66,NA,NA,91,12,16,71,NA,NA,88,32,28,55,NA,NA,93,38,31,57,NA,NA,98,22,11,77,NA,NA,105,20,14,87,10,NA,117,21,20,94,NA,NA,123,24,17,102,10,NA,136,26,21,106,NA,NA,137
"94",94,183,49,16,98,NA,NA,153,19,22,113,NA,NA,136,61,61,69,NA,NA,135,49,62,62,NA,NA,116,23,15,94,11,NA,128,18,23,97,10,NA,125,27,10,109,NA,NA,140,36,14,120,NA,NA,160,33,25,121,NA,NA,157
"95",95,184,14,18,48,NA,NA,68,NA,NA,55,NA,NA,67,29,31,31,NA,NA,60,27,30,30,NA,NA,60,21,NA,49,NA,NA,72,18,NA,63,NA,NA,83,14,19,59,NA,NA,76,20,14,61,NA,NA,83,21,10,69,NA,NA,93
"96",96,185,540,568,2044,208,81,2792,665,478,2132,193,53,2990,1825,1744,1106,186,42,3117,1790,1812,1179,115,33,3084,455,512,2404,195,60,3054,491,446,2457,182,56,3130,578,477,2510,220,45,3308,587,418,2726,246,55,3559,614,526,2748,262,114,3624
"97",97,186,34,20,103,10,NA,147,34,27,113,NA,NA,155,46,55,87,NA,NA,136,52,46,79,11,NA,142,23,19,109,NA,NA,138,28,15,116,NA,NA,146,34,22,118,11,NA,163,39,28,130,NA,NA,174,44,19,147,NA,NA,198
"98",98,187,29,24,102,NA,NA,138,20,24,110,NA,NA,133,64,71,58,NA,NA,128,62,63,59,NA,NA,123,37,19,98,NA,NA,139,28,24,110,NA,NA,141,30,27,111,NA,NA,143,36,21,120,NA,NA,157,32,21,128,NA,NA,164
"99",99,188,20,27,91,NA,NA,116,25,14,95,NA,NA,124,40,40,80,NA,NA,125,40,50,70,NA,NA,114,27,13,93,NA,NA,125,26,27,91,NA,NA,118,37,19,89,NA,NA,131,31,20,106,NA,NA,145,33,30,106,NA,NA,148
"100",100,189,24,15,97,NA,NA,130,27,17,100,12,NA,139,34,50,82,NA,NA,124,46,46,67,NA,NA,118,23,19,89,NA,NA,120,17,11,100,NA,NA,122,28,33,84,NA,NA,118,34,19,95,11,NA,140,38,18,110,10,NA,158
"101",101,19,31,26,94,NA,NA,132,20,33,86,NA,NA,111,44,33,74,NA,NA,125,39,44,73,10,NA,122,34,21,88,NA,NA,130,22,23,104,NA,NA,132,34,31,98,NA,NA,135,44,27,98,NA,NA,147,34,14,118,NA,NA,160
"102",102,190,85,55,181,18,16,284,66,64,195,11,NA,272,108,96,150,18,NA,276,120,105,145,19,NA,284,82,41,215,22,NA,319,90,54,235,23,16,348,103,68,258,25,NA,386,112,65,281,25,NA,418,92,53,330,33,NA,455
"103",103,191,15,NA,61,NA,NA,83,16,12,64,NA,NA,83,33,31,49,NA,NA,88,24,36,40,NA,NA,67,12,NA,58,NA,NA,70,24,12,54,NA,NA,79,31,11,66,NA,NA,104,25,16,85,NA,NA,116,24,21,89,NA,NA,117
"104",104,192,43,24,97,20,NA,160,36,34,116,12,NA,164,51,57,92,23,NA,166,50,59,92,12,NA,154,40,22,116,10,NA,166,48,35,118,NA,NA,175,58,47,115,NA,NA,181,51,23,135,19,NA,205,47,25,152,13,NA,212
"105",105,193,34,24,153,11,NA,198,24,19,173,NA,NA,206,66,74,128,NA,NA,203,64,77,113,NA,NA,185,28,22,158,NA,NA,189,32,20,161,NA,NA,201,35,28,168,10,NA,213,25,24,178,15,NA,218,34,30,184,NA,NA,227
"106",106,194,13,16,54,NA,NA,71,11,NA,59,NA,NA,72,39,37,30,NA,NA,73,35,33,37,NA,NA,76,22,10,64,10,NA,96,16,11,80,NA,NA,99,17,14,82,NA,NA,107,18,17,85,NA,NA,107,19,16,86,NA,NA,112
"107",107,195,22,17,98,NA,NA,128,19,11,116,NA,NA,138,55,62,73,NA,NA,129,60,66,62,NA,NA,124,16,11,111,NA,NA,133,18,17,112,NA,NA,130,15,20,107,NA,NA,127,17,19,106,NA,NA,128,26,16,108,NA,NA,139
"108",108,196,30,34,217,14,NA,261,33,27,226,15,NA,274,142,142,123,NA,NA,274,134,143,125,10,NA,269,33,32,230,11,NA,274,45,26,242,18,NA,305,47,40,255,NA,NA,309,34,38,251,NA,NA,292,41,35,246,13,NA,300
"109",109,197,19,22,100,NA,NA,124,17,17,100,NA,NA,122,68,71,50,NA,NA,123,69,71,46,NA,NA,120,18,14,102,NA,NA,126,29,17,105,NA,NA,143,21,12,124,NA,NA,153,19,23,116,NA,NA,142,23,14,117,NA,NA,142
"110",110,198,13,NA,77,NA,NA,95,18,14,76,12,NA,106,53,53,49,NA,NA,106,52,48,49,10,NA,111,29,13,93,11,NA,133,24,21,107,NA,NA,136,43,15,111,10,NA,164,39,29,123,15,NA,177,46,22,138,14,NA,198
"111",111,199,52,40,157,13,NA,222,27,30,178,14,NA,219,124,122,87,10,NA,221,111,115,88,NA,NA,205,46,16,171,NA,NA,226,42,32,184,12,NA,238,50,24,199,NA,NA,258,63,33,212,14,NA,289,58,49,217,12,NA,287
"112",112,2,20,13,102,NA,NA,130,23,16,104,NA,NA,131,53,58,66,NA,NA,123,47,56,66,NA,NA,120,23,13,102,NA,NA,131,18,17,109,NA,NA,136,22,22,109,NA,NA,134,28,18,114,NA,NA,146,28,14,123,NA,NA,152
"113",113,20,34,16,112,13,NA,159,28,15,135,14,NA,177,39,48,120,NA,NA,164,53,56,95,10,NA,158,25,21,113,NA,NA,147,33,20,118,10,NA,161,33,15,137,12,NA,182,33,22,151,NA,NA,192,25,26,153,NA,NA,187
"114",114,200,36,27,94,NA,NA,137,19,26,105,NA,NA,126,52,57,60,NA,NA,117,50,55,52,NA,NA,106,21,13,83,NA,NA,106,13,14,91,NA,NA,111,26,14,89,NA,NA,116,16,14,97,NA,NA,115,23,19,90,NA,NA,116
"115",115,201,20,26,116,NA,NA,144,26,27,99,NA,NA,129,53,57,68,NA,NA,128,51,51,73,NA,NA,125,33,19,94,10,NA,137,44,25,105,13,NA,162,54,26,129,NA,NA,192,53,37,144,12,NA,209,53,28,159,19,NA,231
"116",116,202,42,29,136,19,NA,197,45,38,136,11,NA,192,79,80,91,12,NA,182,76,71,93,15,NA,184,56,26,142,15,NA,213,43,34,155,23,NA,221,69,42,160,19,NA,248,61,43,188,30,NA,279,77,43,212,35,NA,324
"117",117,203,78,52,136,16,NA,230,68,53,145,17,NA,230,86,78,121,20,NA,227,139,83,116,41,NA,296,108,47,205,26,NA,339,116,75,228,31,NA,375,166,78,252,27,NA,445,145,93,311,32,NA,488,152,105,322,46,NA,520
"118",118,204,153,162,619,88,22,860,290,160,649,101,16,1040,630,656,342,70,16,1042,640,671,322,59,23,1021,223,158,807,86,23,1116,206,201,845,66,23,1117,289,203,834,74,40,1197,224,178,916,78,34,1218,238,209,925,96,35,1259
"119",119,205,18,11,69,NA,NA,91,21,23,61,NA,NA,83,43,43,37,NA,NA,82,42,36,39,NA,NA,85,39,10,71,NA,NA,113,33,16,93,10,NA,136,47,30,99,NA,NA,153,25,26,118,NA,NA,148,36,21,121,NA,NA,159
"120",120,206,83,83,375,36,15,494,91,82,392,27,NA,510,206,208,271,20,10,497,189,211,257,31,NA,477,133,78,366,27,NA,526,106,90,407,48,NA,561,135,81,450,21,NA,606,125,90,464,29,21,618,126,90,474,45,21,645
"121",121,207,255,205,900,58,37,1213,204,170,952,93,33,1249,469,464,693,74,43,1236,481,425,733,104,34,1318,282,159,1048,96,51,1426,286,177,1126,99,54,1511,349,254,1141,73,37,1563,338,219,1221,114,52,1673,317,265,1272,86,42,1675
"122",122,208,23,13,99,14,NA,136,23,18,112,NA,NA,143,65,64,67,NA,NA,136,54,67,66,NA,NA,128,28,16,106,NA,NA,140,24,22,112,10,NA,146,34,24,115,NA,NA,156,33,18,133,NA,NA,172,47,26,140,11,NA,198
"123",123,209,12,15,49,NA,NA,67,12,10,54,NA,NA,70,41,42,26,NA,NA,69,37,42,25,NA,NA,63,18,NA,49,NA,NA,69,NA,14,48,NA,NA,58,27,10,43,NA,NA,74,33,13,51,NA,NA,90,30,14,70,NA,NA,106
"124",124,21,27,13,72,NA,NA,106,28,16,83,NA,NA,113,54,58,54,NA,NA,109,47,54,53,NA,NA,107,18,10,89,NA,NA,113,22,18,90,NA,NA,115,19,18,94,NA,NA,115,21,19,93,NA,NA,117,25,18,97,NA,NA,128
"125",125,210,NA,NA,31,NA,NA,41,12,NA,33,NA,NA,47,22,25,20,NA,NA,44,23,25,18,NA,NA,43,18,NA,36,NA,NA,55,NA,10,43,NA,NA,51,11,NA,40,NA,NA,54,22,NA,45,NA,NA,68,15,10,55,NA,NA,73
"126",126,211,14,19,90,NA,NA,108,16,15,88,NA,NA,109,56,43,62,NA,NA,121,47,41,71,NA,NA,122,21,NA,106,NA,NA,130,22,15,102,NA,NA,129,38,18,104,NA,NA,150,21,22,118,NA,NA,146,21,25,113,NA,NA,139
"127",127,212,39,16,101,14,NA,154,24,28,113,11,NA,148,56,52,85,10,NA,151,64,55,83,NA,NA,153,31,19,121,14,NA,166,41,32,120,15,NA,176,50,27,134,NA,NA,193,39,28,151,11,NA,201,51,33,150,13,NA,214
"128",128,213,50,32,160,19,NA,229,35,38,178,12,NA,225,78,83,124,20,NA,222,83,84,117,14,NA,214,41,21,172,12,NA,225,43,45,160,23,NA,226,54,47,164,12,NA,230,59,29,182,11,NA,252,52,29,206,13,NA,271
"129",129,214,72,65,256,22,10,350,80,54,274,18,NA,372,111,104,242,20,NA,373,128,116,225,16,NA,369,59,44,299,20,NA,378,84,60,284,16,11,384,88,67,289,15,NA,392,94,65,305,26,NA,425,101,66,336,31,10,468
"130",130,215,32,11,48,NA,NA,88,24,17,62,NA,NA,93,36,36,46,NA,NA,90,37,24,52,NA,NA,96,25,14,71,NA,NA,105,33,19,74,NA,NA,113,22,27,75,NA,NA,103,27,18,73,10,NA,110,34,19,77,NA,NA,118
"131",131,216,235,146,442,69,15,746,176,156,537,53,NA,766,295,371,350,51,10,696,292,296,304,41,NA,637,144,88,484,56,NA,684,131,97,542,49,10,722,177,138,530,46,11,753,149,124,583,47,10,779,262,128,603,85,10,950
"132",132,217,45,31,143,11,NA,199,35,37,147,NA,NA,189,93,88,86,NA,NA,187,83,86,93,10,NA,186,40,34,135,12,NA,187,41,22,159,NA,NA,206,48,30,160,NA,NA,217,51,24,188,NA,NA,247,42,29,203,NA,NA,254
"133",133,218,84,53,284,24,NA,392,66,65,296,25,NA,387,123,160,206,12,NA,341,136,132,190,22,NA,348,69,37,285,17,NA,371,68,54,291,13,NA,372,90,54,294,13,NA,397,75,40,327,20,NA,422,84,55,335,26,NA,445
"134",134,219,37,28,101,NA,NA,143,15,16,117,10,NA,142,54,49,83,NA,NA,143,57,45,91,20,NA,168,42,29,123,11,NA,176,21,31,131,10,NA,162,32,26,126,NA,NA,164,37,33,123,NA,NA,169,42,20,135,NA,NA,181
"135",135,22,46,30,174,NA,NA,226,38,43,168,NA,NA,212,88,103,104,NA,NA,197,100,96,91,NA,NA,197,54,36,151,NA,NA,211,31,33,166,NA,NA,201,41,37,159,NA,NA,206,47,39,159,NA,NA,215,43,35,169,NA,NA,221
"136",136,220,36,11,90,NA,NA,131,20,17,108,NA,NA,130,59,65,60,NA,NA,123,66,67,48,NA,NA,123,31,17,96,NA,NA,130,18,28,95,10,NA,123,34,14,103,NA,NA,142,22,20,120,NA,NA,147,36,25,109,NA,NA,150
"137",137,221,94,78,384,26,13,504,74,92,378,21,NA,473,211,216,232,28,NA,471,191,207,231,21,21,443,76,58,356,25,12,457,61,57,373,19,NA,453,73,69,354,14,NA,441,79,48,367,27,NA,473,86,63,369,20,NA,475
"138",138,222,58,61,232,17,10,307,56,46,231,NA,NA,296,123,133,139,10,NA,272,118,129,125,10,NA,253,42,23,212,NA,NA,263,32,38,207,14,NA,253,60,40,196,18,NA,274,62,30,230,15,NA,307,44,42,237,14,10,295
"139",139,223,36,30,78,NA,NA,121,21,17,87,NA,NA,117,40,41,67,NA,NA,112,48,44,58,NA,NA,112,42,19,84,10,NA,136,27,23,102,12,NA,141,39,28,97,NA,NA,144,47,19,107,NA,NA,161,45,23,127,13,NA,185
"140",140,224,83,61,239,26,NA,348,71,75,244,20,NA,335,126,135,175,25,NA,326,138,125,185,16,NA,339,66,50,267,22,NA,355,62,61,266,11,NA,339,70,56,260,14,NA,344,81,65,251,20,NA,352,83,50,280,17,NA,380
"141",141,225,35,27,142,19,NA,196,36,26,157,NA,NA,198,91,88,94,11,NA,196,94,88,99,NA,NA,199,35,26,159,16,NA,210,32,29,167,11,NA,210,51,34,165,14,NA,230,46,41,170,13,NA,229,51,39,168,16,NA,235
"142",142,226,26,16,93,18,NA,137,18,18,112,NA,NA,137,38,33,99,10,NA,147,37,39,99,NA,NA,139,18,12,120,NA,NA,143,12,13,125,NA,NA,142,34,27,110,NA,NA,151,32,27,116,15,NA,163,43,27,130,NA,NA,178
"143",143,227,25,15,52,NA,NA,82,20,14,54,NA,NA,76,28,32,36,NA,NA,71,28,29,34,NA,NA,68,26,NA,50,NA,NA,79,NA,10,59,NA,NA,71,25,NA,59,NA,NA,89,18,14,70,NA,NA,94,23,15,73,NA,NA,100
"144",144,228,25,27,97,NA,NA,128,26,25,96,11,NA,133,53,53,72,NA,NA,134,44,47,79,NA,NA,132,24,20,103,NA,NA,132,15,19,100,NA,NA,122,41,14,99,NA,NA,149,26,23,122,NA,NA,155,32,27,119,NA,NA,156
"145",145,229,60,50,241,16,12,317,64,54,235,21,12,320,128,124,177,14,NA,319,115,126,167,14,NA,296,80,48,231,14,NA,325,62,58,245,21,10,328,77,60,250,10,NA,337,74,50,272,14,NA,360,95,44,287,15,12,397
"146",146,23,31,28,157,16,NA,204,28,27,166,NA,NA,195,109,113,77,NA,NA,188,109,107,73,NA,NA,190,32,27,158,NA,NA,195,24,25,165,NA,NA,192,28,25,164,NA,NA,199,38,27,167,NA,NA,211,35,35,164,NA,NA,208
"147",147,230,40,53,185,14,12,239,33,28,195,12,NA,240,118,99,129,11,NA,258,102,104,135,13,11,250,45,38,195,17,NA,257,46,38,199,16,13,261,55,35,200,18,11,273,52,36,226,10,NA,288,60,41,232,NA,NA,301
"148",148,231,78,65,338,25,13,441,77,72,335,25,17,437,208,212,206,27,NA,441,210,204,215,20,10,445,97,41,358,23,15,478,89,79,368,27,13,484,117,77,357,15,20,489,92,88,362,16,12,470,88,69,369,10,10,467
"149",149,232,220,134,599,101,21,920,245,128,725,84,14,1054,535,581,417,46,15,998,541,548,411,72,NA,1024,183,128,841,47,17,1071,201,229,783,71,30,1055,208,171,809,60,33,1077,213,173,839,58,37,1110,229,189,857,67,22,1153
"150",150,233,201,174,800,97,54,1098,259,179,855,92,20,1206,594,584,547,62,20,1203,547,605,533,62,17,1142,318,150,891,106,26,1315,260,216,1019,87,25,1366,312,258,1027,86,15,1425,258,209,1133,92,26,1483,290,265,1129,85,35,1504
"151",151,234,108,66,340,18,11,466,118,77,348,22,11,488,205,244,205,36,13,446,219,202,214,28,11,461,111,68,370,24,NA,505,109,78,393,25,11,527,131,106,383,30,10,544,109,97,425,24,NA,558,122,84,427,29,13,578
"152",152,235,53,57,256,21,NA,330,60,50,257,24,12,341,151,149,177,22,NA,350,151,150,175,21,11,347,79,38,290,18,NA,387,72,61,315,24,NA,411,83,60,317,23,12,423,93,55,346,16,NA,455,91,59,369,17,11,477
"153",153,236,48,36,163,18,NA,229,39,33,176,14,NA,229,87,100,109,10,NA,206,93,84,108,14,NA,215,45,37,160,17,NA,222,53,28,178,18,NA,249,75,49,181,NA,NA,265,61,54,191,25,NA,277,64,53,202,14,NA,280
"154",154,237,106,88,371,40,13,517,130,78,400,40,18,570,322,323,218,27,NA,567,312,316,226,29,NA,567,126,76,459,31,12,616,102,87,503,20,12,625,143,105,492,39,NA,674,110,101,536,36,19,682,112,113,522,34,14,668
"155",155,238,67,55,166,18,11,251,57,51,176,15,NA,248,120,122,101,16,NA,237,146,118,102,NA,NA,257,60,48,191,16,NA,267,86,43,207,14,NA,307,54,54,233,13,14,300,62,42,232,38,11,332,84,60,255,21,NA,360
"156",156,239,125,99,401,27,19,553,97,90,418,36,10,551,207,212,305,28,15,540,187,187,317,33,11,537,128,82,422,37,15,587,113,110,442,37,16,592,146,97,452,32,13,630,144,121,453,25,25,622,151,91,496,35,12,682
"157",157,24,27,27,143,NA,NA,179,24,25,150,NA,NA,183,88,90,90,NA,NA,182,77,87,93,NA,NA,174,29,17,150,NA,NA,184,30,31,144,NA,NA,176,37,27,143,NA,NA,185,34,22,156,NA,NA,196,33,32,161,NA,NA,201
"158",158,240,462,421,1979,257,47,2698,683,481,2031,178,36,2892,1444,1484,1272,110,41,2826,1397,1433,1235,126,39,2758,528,394,2149,172,72,2849,443,420,2209,147,54,2799,563,472,2133,136,59,2832,528,484,2152,123,83,2803,456,481,2125,147,65,2728
"159",159,241,63,47,286,15,NA,364,46,64,267,17,NA,330,120,124,185,14,NA,319,113,115,183,12,NA,308,57,37,247,22,NA,326,61,50,258,20,NA,339,61,36,279,19,NA,359,77,51,288,20,NA,385,85,44,316,22,NA,423
"160",160,242,25,20,99,10,NA,134,24,21,100,13,NA,137,50,61,70,10,NA,130,48,63,56,11,NA,115,29,14,90,12,NA,131,30,25,99,NA,NA,136,28,22,101,NA,NA,137,23,28,96,NA,NA,124,25,NA,105,NA,NA,134
"161",161,243,38,24,140,11,NA,189,27,24,151,19,NA,197,88,83,107,12,NA,207,69,85,103,NA,NA,180,50,28,138,10,NA,198,31,33,148,NA,NA,184,49,30,144,14,NA,207,47,33,156,NA,NA,207,49,40,147,19,NA,215
"162",162,244,69,76,351,32,NA,452,79,73,362,28,NA,469,276,282,171,30,NA,477,282,290,148,18,NA,448,108,61,359,54,NA,521,113,97,399,38,NA,550,106,85,423,40,NA,569,119,85,455,31,13,605,136,76,497,62,11,695
"163",163,245,33,31,187,21,19,241,36,36,178,14,15,228,97,105,112,NA,NA,216,106,108,94,13,NA,213,33,34,159,NA,NA,201,31,23,167,11,NA,209,40,26,168,NA,NA,216,43,36,164,10,NA,217,45,29,178,12,NA,235
"164",164,246,35,32,135,NA,NA,179,41,31,132,10,NA,183,73,74,99,NA,NA,180,69,67,96,11,NA,176,36,20,139,NA,NA,180,29,29,140,NA,NA,177,50,21,143,34,NA,227,66,43,175,NA,NA,249,56,45,190,13,NA,259
"165",165,247,910,910,3878,259,98,5047,1172,822,3941,196,74,5309,2623,2709,2359,176,62,5158,2619,2642,2277,262,53,5158,990,683,4151,286,77,5427,1046,819,4318,281,70,5645,1246,1067,4296,295,79,5837,1151,832,4576,225,123,5952,1195,1167,4338,299,129,5832
"166",166,248,36,39,169,14,NA,219,43,36,167,29,NA,239,83,94,127,NA,NA,218,87,89,117,19,NA,223,35,31,169,15,NA,219,47,28,175,18,NA,240,50,39,189,15,NA,254,30,28,208,12,NA,250,33,28,209,12,NA,254
"167",167,249,90,68,384,55,NA,529,88,67,438,33,NA,559,260,259,268,18,10,546,231,264,253,25,11,509,63,73,404,29,NA,496,83,66,416,29,NA,528,87,76,433,29,NA,549,80,63,447,23,NA,550,57,84,420,27,NA,504
"168",168,25,17,NA,43,NA,NA,69,NA,NA,56,NA,NA,66,26,33,31,NA,NA,57,29,27,27,NA,NA,60,21,NA,51,NA,NA,75,13,10,61,NA,NA,75,22,NA,63,NA,NA,87,15,11,73,NA,NA,97,14,11,77,NA,NA,94
"169",169,250,18,16,124,13,NA,155,16,22,127,NA,NA,152,64,64,85,NA,NA,156,55,68,85,NA,NA,140,31,22,113,11,NA,155,24,19,134,NA,NA,165,38,19,141,NA,NA,185,33,19,161,NA,NA,199,40,27,165,10,NA,215
"170",170,251,28,33,74,NA,NA,111,19,19,87,NA,NA,114,62,65,43,NA,NA,112,68,63,45,NA,NA,120,37,15,98,NA,NA,144,24,26,106,NA,NA,136,35,21,106,NA,NA,148,37,21,124,NA,NA,166,45,26,129,NA,NA,181
"171",171,252,118,88,430,42,13,590,102,78,458,47,21,607,247,276,289,35,10,571,256,232,298,45,16,599,114,83,481,67,14,662,129,99,517,50,25,696,130,122,522,42,13,694,130,105,505,41,28,676,103,87,540,44,11,687
"172",172,253,1190,994,8282,414,121,9886,1590,1006,8511,385,138,10486,4507,4381,5804,323,83,10634,4531,4402,5889,392,119,10812,1394,1049,9381,432,110,11207,1440,1133,9655,523,141,11618,1626,1367,9858,426,145,11910,1645,1257,10236,510,163,12391,2047,1462,10394,567,203,13008
"173",173,254,25,24,90,12,NA,127,26,24,87,NA,NA,116,43,31,75,14,NA,132,40,32,81,NA,NA,125,38,27,82,17,NA,137,40,26,94,13,NA,147,46,31,104,17,NA,167,46,30,120,NA,NA,175,43,27,132,NA,NA,184
"174",174,255,19,13,22,NA,NA,47,15,NA,33,NA,NA,52,12,14,29,NA,NA,46,20,16,26,NA,NA,52,16,NA,38,NA,NA,58,15,13,36,NA,NA,56,27,15,38,NA,NA,69,37,NA,49,NA,NA,94,45,15,72,NA,NA,126
"175",175,256,37,34,103,NA,NA,149,24,27,117,NA,NA,149,53,54,90,NA,NA,146,49,61,75,NA,NA,130,38,13,107,NA,NA,153,32,25,116,NA,NA,156,41,26,124,NA,NA,169,37,27,130,NA,NA,172,53,26,133,NA,NA,190
"176",176,257,79,54,185,33,NA,297,65,65,216,42,NA,323,134,129,150,23,NA,307,135,133,146,34,NA,315,66,63,225,41,15,332,80,61,250,24,NA,354,115,79,251,35,NA,401,124,65,302,34,NA,460,125,80,350,30,NA,505
"177",177,258,59,44,225,23,NA,307,108,48,233,35,10,376,232,156,202,21,NA,455,231,199,233,11,NA,475,82,93,315,32,16,429,66,100,282,25,NA,373,86,67,256,32,20,374,78,53,293,23,14,394,77,68,288,34,13,399
"178",178,259,29,18,89,NA,NA,124,20,21,92,NA,NA,116,46,51,58,NA,NA,113,62,44,59,11,NA,132,29,16,104,10,NA,143,35,19,106,NA,NA,149,42,33,105,NA,NA,155,35,23,118,11,NA,164,54,36,113,23,NA,190
"179",179,26,33,25,154,NA,NA,193,29,24,164,11,NA,204,94,106,92,NA,NA,193,100,93,92,NA,NA,198,28,20,167,NA,NA,199,32,26,163,17,NA,212,39,27,175,NA,NA,221,39,31,180,18,NA,237,41,26,202,10,NA,253
"180",180,260,NA,NA,18,NA,NA,22,NA,NA,17,NA,NA,22,12,NA,13,NA,NA,27,NA,12,14,NA,NA,23,15,NA,15,NA,NA,31,13,NA,23,NA,NA,37,10,NA,27,NA,NA,37,13,NA,32,NA,NA,46,16,NA,38,NA,NA,54
"181",181,261,51,35,178,43,NA,272,76,51,210,35,NA,321,153,164,143,13,NA,309,155,169,131,10,NA,296,69,53,223,14,NA,306,43,42,252,18,NA,313,75,49,248,NA,NA,330,62,59,248,18,10,328,61,53,250,13,NA,324
"182",182,262,106,120,506,30,12,642,105,109,505,31,12,641,347,374,255,16,NA,618,345,355,246,12,NA,603,112,58,517,21,11,650,116,93,530,22,14,668,131,111,529,15,NA,675,123,94,559,15,NA,697,125,101,572,30,NA,727
"183",183,263,44,25,123,21,NA,188,52,30,146,17,NA,215,101,109,97,NA,NA,207,104,104,91,NA,NA,201,50,34,157,NA,NA,210,38,40,159,NA,NA,206,41,42,157,NA,NA,206,39,34,140,NA,NA,186,46,39,130,NA,NA,184
"184",184,264,53,53,182,12,NA,247,49,34,198,NA,NA,255,116,96,145,15,NA,276,118,104,159,11,NA,288,70,46,222,22,NA,314,72,36,262,28,NA,362,91,49,285,29,NA,405,90,53,324,30,NA,444,101,66,346,34,NA,481
"185",185,265,404,391,1718,212,60,2334,472,330,1840,240,63,2552,1244,1244,1168,164,51,2576,1262,1256,1153,186,63,2601,470,312,2096,249,84,2815,620,412,2174,237,104,3031,868,495,2280,278,126,3426,981,564,2540,329,148,3850,1049,631,2871,453,142,4373
"186",186,27,25,21,70,NA,NA,98,14,14,77,NA,NA,100,46,46,51,NA,NA,105,43,48,53,NA,NA,102,20,14,79,NA,NA,105,21,14,88,NA,NA,115,22,14,96,NA,NA,127,22,17,104,NA,NA,131,32,21,100,NA,NA,141
"187",187,28,131,152,667,69,47,867,207,109,680,85,31,972,532,504,423,62,20,1017,553,525,437,48,23,1038,209,136,827,133,30,1169,224,181,904,74,34,1202,225,219,906,88,31,1219,226,194,900,66,79,1192,200,186,876,90,56,1166
"188",188,29,1583,1842,5749,530,162,7862,1355,1985,5347,463,148,7165,3872,4092,2668,397,119,6937,3738,3962,2558,356,110,6652,1191,930,5262,404,164,6857,1158,1103,5312,416,133,6886,1372,1204,5239,378,120,6989,1276,1071,5483,376,157,7135,1248,1117,5549,451,191,7248
"189",189,3,27,15,71,NA,NA,102,18,21,75,NA,NA,94,31,37,51,NA,NA,86,26,36,46,NA,NA,76,24,11,58,NA,NA,84,22,16,66,NA,NA,94,30,20,65,NA,NA,104,21,13,85,NA,NA,108,29,21,80,NA,NA,114
"190",190,30,104,101,500,25,14,629,97,87,499,24,22,620,364,355,241,36,NA,641,350,352,256,20,12,626,102,60,524,48,14,674,148,102,541,24,16,713,145,94,574,35,18,754,164,74,641,101,NA,906,183,138,712,61,20,956
"191",191,31,40,33,160,13,NA,213,37,42,160,12,NA,209,92,93,104,11,NA,207,91,87,109,NA,NA,208,41,30,169,12,NA,222,50,39,170,NA,NA,227,66,32,184,12,NA,262,34,34,211,14,NA,259,49,36,206,NA,NA,264
"192",192,32,79,46,181,31,NA,291,58,48,212,16,NA,286,86,97,159,16,NA,261,87,82,149,15,NA,251,71,46,184,24,NA,279,54,55,207,16,NA,277,82,53,202,18,NA,302,82,60,219,18,NA,319,76,50,236,17,NA,329
"193",193,33,38,36,130,14,NA,182,39,27,145,16,NA,200,78,91,103,NA,NA,186,84,83,92,NA,NA,183,42,19,150,12,NA,204,42,30,160,NA,NA,211,48,34,162,13,NA,223,37,30,169,NA,NA,215,51,20,184,NA,NA,243
"194",194,34,41,30,206,18,NA,265,35,44,207,10,NA,252,88,97,144,12,NA,244,104,88,140,23,NA,267,63,29,220,21,NA,304,37,39,241,24,NA,302,65,45,244,17,NA,326,48,52,238,18,NA,304,40,41,245,19,NA,304
"195",195,35,28,21,115,15,NA,158,24,20,122,10,NA,156,56,62,81,NA,NA,139,56,52,81,NA,NA,145,36,26,110,16,NA,162,26,25,121,10,NA,157,46,34,114,NA,NA,166,44,29,129,10,NA,183,43,30,144,NA,NA,193
"196",196,36,143,128,664,54,16,861,120,111,704,50,13,874,394,388,435,41,10,870,394,403,433,39,NA,866,124,86,731,53,12,908,147,123,728,46,11,921,174,128,752,34,NA,960,135,116,769,46,19,950,138,118,774,45,16,957
"197",197,37,46,40,218,20,NA,284,61,47,213,14,12,288,145,163,109,15,NA,269,142,158,98,NA,NA,249,71,32,199,13,NA,283,43,52,215,19,NA,277,65,37,224,18,NA,307,53,46,238,18,NA,309,62,58,222,12,NA,296
"198",198,38,60,55,219,17,NA,296,50,42,235,23,NA,308,151,170,119,11,NA,281,174,159,103,19,NA,296,54,48,222,22,NA,298,59,38,240,36,NA,335,55,33,280,32,NA,367,46,51,275,26,16,347,43,37,275,26,15,344
"199",199,39,44,42,249,14,NA,307,47,40,253,20,NA,320,179,178,122,10,NA,311,176,177,122,21,NA,319,67,35,260,32,NA,359,68,49,287,26,10,381,63,50,309,35,NA,407,66,74,307,20,NA,393,72,47,320,21,NA,413
"200",200,4,33,14,86,NA,NA,127,19,23,97,NA,NA,123,47,45,66,NA,NA,119,41,37,76,12,NA,129,29,18,104,NA,NA,142,30,18,113,NA,NA,150,37,29,107,NA,NA,150,33,21,120,NA,NA,162,35,26,132,NA,NA,173
"201",201,40,79,57,331,37,NA,447,128,69,347,40,NA,515,337,304,191,28,NA,556,368,323,206,32,NA,606,113,91,474,46,14,633,160,111,488,61,14,709,160,120,540,54,22,754,140,88,616,44,20,800,139,134,627,78,NA,844
"202",202,41,49,37,273,26,NA,348,62,46,287,28,NA,377,210,230,142,NA,NA,361,205,213,137,13,NA,355,70,52,285,15,NA,370,54,73,284,15,NA,353,67,46,289,14,NA,370,61,45,308,15,NA,384,43,61,280,28,NA,351
"203",203,42,26,31,147,19,NA,192,27,26,155,18,NA,200,125,123,70,13,NA,208,113,124,74,NA,NA,196,41,28,149,18,NA,208,42,24,173,24,NA,239,60,41,186,24,NA,270,56,41,216,NA,NA,279,55,47,210,21,13,286
"204",204,43,39,32,84,11,NA,134,27,24,88,13,NA,128,41,43,70,NA,NA,118,56,44,57,NA,NA,122,32,17,91,11,NA,134,33,31,89,12,NA,134,42,17,104,NA,NA,154,48,27,116,13,NA,177,38,34,126,NA,NA,168
"205",205,44,36,34,100,11,NA,147,22,27,102,NA,NA,133,63,47,73,17,NA,153,53,57,85,13,NA,151,39,18,117,NA,NA,165,33,40,113,16,NA,162,36,25,124,11,NA,171,44,35,120,13,NA,177,35,34,125,14,NA,174
"206",206,45,122,91,458,39,15,619,131,92,482,38,14,651,272,292,326,30,NA,628,276,285,314,41,NA,631,144,95,492,30,12,666,117,107,478,28,40,623,131,95,476,25,13,632,142,101,504,42,NA,688,142,108,537,43,16,722
"207",207,46,18,17,102,NA,NA,121,10,13,105,NA,NA,119,47,52,64,NA,NA,113,54,53,57,NA,NA,112,16,11,99,NA,NA,116,16,16,94,NA,NA,115,18,15,94,NA,NA,115,18,11,101,NA,NA,122,18,16,104,NA,NA,127
"208",208,47,25,21,80,NA,NA,109,18,25,78,NA,NA,104,48,50,49,NA,NA,101,53,42,54,NA,NA,110,18,18,88,NA,NA,114,11,14,94,NA,NA,109,30,24,80,NA,NA,112,22,13,98,NA,NA,125,26,16,103,NA,NA,133
"209",209,48,20,16,48,NA,NA,69,14,10,54,12,NA,80,25,29,48,NA,NA,77,38,25,45,NA,NA,91,40,NA,71,NA,NA,117,31,20,86,NA,NA,126,39,26,95,NA,NA,138,32,20,104,12,NA,148,33,12,117,11,NA,161
"210",210,49,22,11,49,NA,NA,75,10,10,56,NA,NA,69,28,32,34,NA,NA,64,35,34,25,NA,NA,66,17,13,50,NA,NA,72,16,15,52,NA,NA,71,22,16,53,NA,NA,79,21,18,58,NA,NA,85,32,15,67,NA,NA,105
"211",211,5,76,64,391,38,NA,505,73,74,401,21,NA,495,253,251,229,14,NA,496,229,250,229,20,NA,478,100,51,407,25,NA,532,72,83,426,22,NA,520,106,73,435,19,NA,560,74,84,433,26,NA,533,71,76,420,15,NA,506
"212",212,50,24,15,83,NA,NA,109,17,25,80,NA,NA,97,43,43,52,NA,NA,98,40,45,52,NA,NA,94,15,11,82,NA,NA,101,26,18,78,NA,NA,108,28,15,92,NA,NA,121,27,20,95,NA,NA,125,36,19,102,NA,NA,140
"213",213,51,25,14,110,10,NA,145,17,22,118,10,NA,145,67,80,61,NA,NA,132,73,76,51,NA,NA,130,20,15,109,NA,NA,132,23,29,100,NA,NA,129,33,20,102,NA,NA,144,31,19,120,NA,NA,157,33,21,126,10,NA,169
"214",214,52,15,16,49,NA,NA,69,11,11,55,NA,NA,70,34,34,32,NA,NA,69,36,29,39,NA,NA,77,16,14,60,NA,NA,80,NA,12,63,NA,NA,74,21,12,62,NA,NA,87,13,15,64,NA,NA,80,15,NA,67,NA,NA,87
"215",215,53,17,14,92,NA,NA,118,17,16,97,NA,NA,117,50,53,60,NA,NA,110,47,51,55,NA,NA,105,19,13,86,NA,NA,111,13,NA,96,NA,NA,112,22,10,98,NA,NA,122,28,14,104,NA,NA,134,21,17,109,NA,NA,133
"216",216,54,108,52,252,16,NA,376,74,50,311,17,NA,402,291,297,92,11,NA,394,120,294,94,11,NA,225,42,38,172,16,NA,230,61,41,175,21,NA,257,61,48,190,12,NA,263,65,44,207,16,NA,288,72,36,233,25,NA,330
"217",217,55,22,26,138,12,NA,172,24,17,150,11,NA,185,65,74,103,NA,NA,173,59,72,95,NA,NA,163,45,23,137,NA,NA,186,37,25,156,NA,NA,197,41,35,155,13,NA,209,31,25,179,NA,NA,219,34,26,183,NA,NA,226
"218",218,56,25,13,67,NA,NA,97,22,12,79,NA,NA,104,27,41,60,NA,NA,88,30,31,51,NA,NA,83,24,11,71,NA,NA,99,15,11,82,NA,NA,101,17,21,77,NA,NA,100,25,10,89,NA,NA,120,21,11,105,NA,NA,127
"219",219,57,56,47,268,19,NA,343,53,57,267,13,NA,333,165,171,154,12,NA,331,173,173,144,NA,NA,326,55,40,274,15,NA,344,46,34,291,18,NA,355,55,43,301,23,NA,379,60,42,324,16,NA,400,71,62,314,20,NA,405
"220",220,58,29,26,100,16,NA,145,24,24,116,NA,NA,147,55,59,80,NA,NA,140,52,56,72,NA,NA,129,26,18,109,NA,NA,137,20,17,117,NA,NA,143,24,23,113,NA,NA,141,24,16,122,NA,NA,148,29,15,125,NA,NA,161
"221",221,59,36,23,151,11,NA,198,28,28,159,13,NA,200,62,65,122,11,NA,195,70,66,115,11,NA,196,50,30,158,13,NA,221,35,33,173,12,NA,220,40,36,178,NA,NA,227,43,32,184,NA,NA,235,46,36,185,12,NA,243
"222",222,6,22,22,134,NA,NA,163,154,13,141,NA,NA,302,59,125,174,10,NA,243,60,131,106,NA,NA,170,33,23,145,NA,NA,186,12,26,157,NA,NA,175,31,28,142,NA,NA,182,26,25,150,14,NA,190,27,15,161,NA,NA,193
"223",223,60,NA,15,37,NA,NA,45,17,14,29,NA,NA,49,26,28,21,NA,NA,49,28,24,24,NA,NA,53,NA,11,34,NA,NA,40,11,NA,32,NA,NA,44,NA,NA,37,NA,NA,48,14,NA,39,NA,NA,54,24,12,38,NA,NA,66
"224",224,61,23,NA,113,16,NA,152,20,28,117,NA,NA,144,64,63,75,NA,NA,147,68,64,75,14,NA,157,22,20,132,NA,NA,160,33,23,132,NA,NA,169,34,21,141,NA,NA,183,30,24,157,NA,NA,194,34,21,162,12,NA,208
"225",225,62,40,40,154,13,NA,207,38,31,166,NA,NA,212,111,122,82,NA,NA,201,116,112,83,15,NA,214,31,33,174,NA,NA,213,36,25,171,NA,NA,211,34,31,175,NA,NA,214,61,27,178,NA,NA,247,51,38,200,NA,NA,259
"226",226,63,28,12,99,NA,NA,134,29,22,108,NA,NA,143,49,57,81,NA,NA,133,54,59,69,NA,NA,130,27,13,107,NA,NA,141,15,24,111,NA,NA,129,46,15,108,NA,NA,162,36,22,130,NA,NA,173,33,30,134,NA,NA,172
"227",227,64,19,18,60,NA,NA,86,12,18,63,NA,NA,81,33,47,29,NA,NA,65,32,34,29,NA,NA,64,11,11,52,NA,NA,66,11,NA,57,NA,NA,71,15,NA,60,NA,NA,75,15,10,60,NA,NA,78,11,NA,67,NA,NA,81
"228",228,65,23,18,95,NA,NA,126,24,20,99,NA,NA,127,39,49,70,NA,NA,113,53,41,66,NA,NA,126,30,14,99,NA,NA,136,26,18,114,NA,NA,147,22,26,114,NA,NA,140,37,22,109,10,NA,156,36,13,136,NA,NA,181
"229",229,66,17,13,68,NA,NA,93,14,13,74,NA,NA,95,34,36,50,NA,NA,93,36,32,51,NA,NA,89,29,10,73,NA,NA,108,21,19,85,NA,NA,115,29,19,90,NA,NA,126,28,17,103,NA,NA,136,24,18,111,NA,NA,140
"230",230,67,14,15,51,NA,NA,67,NA,NA,55,NA,NA,66,46,37,28,NA,NA,78,44,41,36,NA,NA,81,19,12,68,NA,NA,89,NA,13,71,NA,NA,81,20,13,67,NA,NA,88,21,17,69,NA,NA,95,18,12,80,NA,NA,104
"231",231,68,70,29,165,18,NA,253,42,35,189,16,NA,247,94,89,141,14,NA,249,83,94,118,NA,10,208,70,27,161,23,NA,254,77,39,192,21,NA,290,103,54,220,26,NA,349,93,49,274,33,NA,400,108,53,317,29,NA,454
"232",232,69,968,834,3877,438,127,5283,1272,811,4103,435,122,5810,2788,2899,2567,343,102,5698,2798,2802,2492,351,109,5641,1248,809,4409,444,141,6101,1285,922,4718,481,167,6484,2041,1077,4910,540,170,7491,2216,1226,5688,593,197,8497,2361,1435,6389,720,191,9470
"233",233,7,76,98,477,54,NA,607,101,85,493,50,NA,644,343,309,310,66,NA,719,315,325,372,30,NA,717,131,88,586,44,NA,761,110,109,584,49,NA,743,167,119,593,35,NA,795,147,103,652,34,NA,833,211,115,679,67,NA,957
"234",234,70,58,43,403,14,NA,475,65,60,396,10,NA,471,156,164,298,NA,NA,459,153,157,293,NA,NA,449,84,45,392,NA,NA,484,83,64,408,NA,NA,496,105,54,432,NA,NA,542,101,53,483,NA,NA,592,104,69,515,NA,NA,625
"235",235,71,32,18,108,14,NA,154,32,24,116,NA,NA,157,64,59,88,NA,NA,159,64,60,91,17,NA,172,59,23,137,11,NA,207,54,36,150,14,NA,218,66,30,172,19,NA,257,73,46,193,26,NA,292,77,46,230,25,NA,332
"236",236,72,85,59,229,24,NA,338,65,58,251,26,NA,342,118,139,176,15,NA,309,129,140,141,21,NA,291,66,33,231,28,NA,325,65,53,247,12,NA,324,79,56,245,24,NA,348,79,46,259,22,12,360,91,52,275,22,10,388
"237",237,73,75,31,184,14,NA,273,55,52,192,13,NA,260,74,108,136,12,NA,222,89,77,131,10,NA,230,52,26,189,14,NA,255,60,48,194,14,NA,268,83,49,203,17,NA,303,71,60,218,17,NA,306,81,49,238,13,NA,332
"238",238,74,44,23,106,NA,NA,155,15,30,116,NA,NA,139,64,69,67,NA,NA,136,65,69,63,NA,NA,132,31,17,101,NA,NA,136,17,29,102,NA,NA,122,30,14,101,NA,NA,135,32,19,103,NA,NA,141,36,16,115,NA,NA,154
"239",239,75,134,194,541,53,22,728,159,131,540,52,11,751,406,399,294,40,15,740,375,411,273,40,11,688,151,95,527,43,23,721,175,131,542,78,12,795,236,163,586,74,10,896,216,164,660,85,22,961,272,190,710,69,15,1051
"240",240,76,98,61,209,24,NA,331,75,69,231,21,NA,327,129,171,142,21,NA,292,146,132,141,11,NA,298,49,43,235,12,NA,296,66,55,232,21,NA,319,68,61,237,20,NA,325,93,46,265,18,NA,376,91,67,287,24,NA,402
"241",241,77,211,149,639,69,29,919,183,155,683,64,21,930,329,375,470,56,21,855,354,353,440,57,16,851,246,109,664,54,14,964,219,190,715,65,15,999,247,187,738,62,22,1047,413,200,764,54,26,1231,258,265,859,76,34,1193
"242",242,78,55,41,170,18,10,243,55,50,178,15,NA,248,106,116,120,17,NA,243,109,112,117,16,NA,242,48,39,187,13,NA,248,50,40,192,NA,NA,248,55,46,177,12,NA,244,45,51,181,21,NA,247,62,44,179,NA,NA,250
"243",243,79,43,34,180,16,NA,239,49,37,187,18,NA,254,120,110,129,16,NA,265,107,112,134,26,NA,267,47,37,198,NA,NA,254,47,28,210,13,NA,270,56,40,215,15,NA,286,64,42,218,11,NA,293,64,44,230,10,NA,304
"244",244,8,50,52,268,15,NA,333,55,43,272,19,NA,346,139,144,185,25,NA,349,142,141,196,22,NA,360,75,52,294,20,NA,389,68,47,329,12,NA,409,74,56,336,14,NA,424,54,63,341,24,NA,419,65,56,348,24,NA,437
"245",245,80,49,31,224,25,NA,298,45,40,245,10,NA,300,85,93,190,17,NA,292,98,85,195,13,NA,306,63,37,254,23,NA,340,41,41,281,10,NA,332,66,49,265,12,NA,343,57,40,284,20,NA,361,67,51,293,16,NA,376
"246",246,81,39,22,143,13,NA,195,28,37,144,22,NA,194,70,66,122,13,NA,205,64,69,115,13,NA,192,61,28,151,16,NA,228,28,34,179,NA,NA,216,53,29,179,14,NA,246,50,35,200,16,NA,266,59,43,201,18,NA,278
"247",247,82,37,42,171,12,NA,220,41,31,182,14,NA,237,94,101,127,NA,NA,225,100,98,118,NA,NA,223,43,18,190,15,NA,248,32,26,205,11,NA,248,49,27,214,13,NA,276,41,45,218,15,NA,274,59,30,231,18,NA,308
"248",248,83,15,11,56,NA,NA,72,16,NA,58,NA,NA,83,23,25,52,NA,NA,76,27,25,50,NA,NA,79,26,NA,69,NA,NA,99,25,10,87,NA,NA,115,65,NA,99,NA,NA,165,55,23,137,NA,NA,194,45,24,159,NA,NA,208
"249",249,84,37,34,132,NA,NA,178,26,33,135,NA,NA,168,77,77,85,NA,NA,168,67,70,85,NA,NA,159,41,19,133,12,NA,186,39,23,149,NA,NA,194,48,27,157,13,NA,218,33,30,176,13,NA,222,53,30,173,NA,NA,227
"250",250,85,24,19,101,NA,NA,134,15,15,114,11,NA,140,40,43,84,11,NA,135,36,38,91,12,NA,139,28,14,114,10,NA,152,25,19,124,NA,NA,155,48,27,116,NA,NA,167,43,27,129,12,NA,184,42,19,151,NA,NA,195
"251",251,86,13,14,60,NA,NA,75,14,14,59,NA,NA,77,44,42,29,NA,NA,74,43,46,24,NA,NA,71,29,15,54,NA,NA,88,23,25,55,NA,NA,80,25,20,57,NA,NA,82,33,NA,70,NA,NA,109,26,16,89,NA,NA,118
"252",252,87,11,NA,30,NA,NA,43,10,NA,32,NA,NA,44,27,26,18,NA,NA,47,28,27,16,NA,NA,47,20,10,34,NA,NA,54,NA,17,33,NA,NA,41,15,NA,30,NA,NA,46,12,10,34,NA,NA,49,13,NA,39,NA,NA,56
"253",253,88,16,16,37,NA,NA,55,12,12,42,NA,NA,56,26,27,27,NA,NA,55,30,24,30,NA,NA,65,26,NA,55,NA,NA,84,13,14,64,NA,NA,80,20,22,56,NA,NA,81,27,14,61,NA,NA,88,18,10,74,NA,NA,97
"254",254,89,23,12,61,NA,NA,90,15,18,64,NA,NA,82,38,39,36,NA,NA,78,35,30,47,NA,NA,86,20,11,74,NA,NA,99,24,21,74,NA,NA,102,30,18,77,NA,NA,110,30,20,84,NA,NA,120,22,26,85,NA,NA,111
"255",255,9,24,15,80,NA,NA,111,18,19,87,NA,NA,112,51,53,56,NA,NA,112,42,43,62,NA,NA,108,17,15,90,NA,NA,109,17,NA,96,NA,NA,119,32,16,94,NA,NA,133,26,20,109,NA,NA,140,20,17,114,NA,NA,143
"256",256,90,18,20,99,NA,NA,126,24,15,107,NA,NA,140,51,44,93,NA,NA,151,41,43,101,10,NA,152,18,16,130,NA,NA,152,24,15,128,NA,NA,156,40,16,134,NA,NA,179,28,26,149,NA,NA,186,29,33,144,NA,NA,182
"257",257,91,25,19,110,NA,NA,140,23,24,110,NA,NA,141,54,54,86,NA,NA,144,57,48,91,NA,NA,153,17,24,121,NA,NA,145,23,20,120,NA,NA,150,30,16,132,NA,NA,169,30,23,141,NA,NA,178,38,27,146,NA,NA,190
"258",258,92,22,21,89,NA,NA,116,15,23,89,NA,NA,107,49,40,63,NA,NA,116,42,37,73,NA,NA,124,20,18,104,NA,NA,132,21,14,113,NA,NA,141,40,15,118,NA,NA,165,39,14,146,NA,NA,189,28,16,169,13,NA,210
"259",259,93,16,17,76,14,NA,106,15,16,83,NA,NA,102,55,42,51,NA,NA,107,56,43,59,NA,NA,116,26,10,97,NA,NA,125,21,23,91,NA,NA,120,38,18,96,NA,NA,136,31,21,111,NA,NA,148,35,19,125,NA,NA,168
"260",260,94,17,19,84,NA,NA,107,16,14,90,NA,NA,110,67,56,49,NA,NA,118,49,58,55,NA,NA,109,20,13,85,NA,NA,108,26,17,86,NA,NA,120,27,20,95,NA,NA,127,23,20,102,NA,NA,129,26,17,105,NA,NA,140
"261",261,95,106,92,445,36,NA,587,97,102,469,32,NA,598,323,326,244,29,NA,596,344,319,249,31,NA,624,106,63,526,26,NA,658,87,98,530,NA,NA,626,100,85,512,18,NA,630,102,85,487,18,NA,607,98,70,501,27,NA,626
"262",262,96,12,12,65,NA,NA,82,17,NA,72,NA,NA,95,56,53,39,NA,NA,99,58,53,45,NA,NA,104,17,NA,91,NA,NA,114,19,15,93,NA,NA,112,31,18,90,NA,NA,124,31,16,95,NA,NA,133,40,17,109,NA,NA,155
"263",263,97,15,15,65,NA,NA,84,20,14,67,NA,NA,92,49,49,41,NA,NA,93,49,45,43,NA,NA,92,35,NA,79,NA,NA,117,15,17,94,10,NA,119,21,17,96,NA,NA,121,31,24,92,11,NA,134,28,22,104,12,NA,144
"264",264,98,24,14,100,NA,NA,131,33,20,106,NA,NA,146,56,58,82,NA,NA,142,65,66,71,NA,NA,141,34,13,120,NA,NA,161,26,27,127,NA,NA,157,33,17,136,NA,NA,178,34,21,149,NA,NA,191,28,21,165,NA,NA,197
"265",265,99,14,NA,61,NA,NA,84,16,14,66,NA,NA,89,36,43,42,NA,NA,80,35,39,36,NA,NA,78,20,13,58,NA,NA,86,13,13,66,NA,NA,85,22,19,63,NA,NA,89,29,23,63,NA,NA,97,20,16,74,NA,NA,99
